TEST_NAME	MEASUREMENT_UNIT	unit_source	n_records	n_subjects
vb-hb-co	%	Source	325	76
vb-hb-met	%	Source	323	75
vb-o2-vol	%	Source	62	20
p-ca-iona	mmol/l	Source	1624	186
vb-hco3-st	mmol/l	Source	548	93
b-hkr	%	Source	20835	1295
p-gluk	mmol/l	Source	4719	965
vb-ph	ph	Source	795	162
vb-po2	kpa	Source	606	139
vb-pco2	kpa	Source	814	173
p-k	mmol/l	Source	29520	1651
p-cl	mmol/l	Source	1863	233
fp-laktaat	mmol/l	Source	1156	136
p-na	mmol/l	Source	28864	1654
p-ca-ion.	mmol/l	Source	1422	165
vb-o2sat	%	Source	255	49
vb-hbo2	%	Source	225	43
vb-hb	g/l	Source	314	67
ab-ph	ph	Source	1345	189
ab-po2	kpa	Source	1362	195
ab-pco2	kpa	Source	1363	195
ab-o2-vol	%	Source	615	80
ab-hbo2	%	Source	1133	128
ab-hb	g/l	Source	943	107
ab-hb-co	%	Source	1116	126
ab-hb-met	%	Source	1114	126
ab-o2sat	%	Source	852	77
ab-be	mmol/l	Source	1336	184
ab-hco3-st	mmol/l	Source	932	95
b-eryt	e12/l	Source	35435	1868
e-mcv	fl	Source	42840	1882
b-hb	g/l	Source	43123	1882
e-mchc	g/l	Source	28657	1461
e-mch	pg	Source	42694	1881
e-rdw	%	Source	23722	1375
b-leuk	e9/l	Source	33331	1854
b-trom	e9/l	Source	33485	1856
fp-kol	mmol/l	Source	5562	1383
fp-kol-hdl	mmol/l	Source	5299	1370
fp-trigly	mmol/l	Source	5288	1364
fp-kol-ldl	mmol/l	Source	6138	1424
p-krea	umol/l	Source	29429	1640
p-probnp	ng/l	Source	1417	447
pt-gfre	ml/min/173m2	Source	5221	870
p-tnt	ng/l	Source	1717	434
p-crp	mg/l	Source	16756	1296
p-alat	u/l	Source	18796	1662
p-tsh	mu/l	Source	6246	1350
p-t4-v	pmol/l	Source	4046	1051
b-erytrosyytit	e12/l	Source	1162	284
b-erytrosyytit,tilavuusosuus	ratio	SecondaryCorrection	1241	272
e-erytrosyytit,kokojakaumaindeksi	%	Source	346	40
b-erytroblastit	e9/l	Source	574	106
b-leukosyytit	e9/l	Source	1337	323
b-trombosyytit	e9/l	Source	1177	296
tromboplastiiniaika,inr-tulostus,plasma	inr	Source	38	14
pt-glomerulussuodosnopeus,estimoitu,ckd-epi-kaava(pt-gfre-3osatutkimus)	ml/min/173m2	Source	329	37
p-tni	ng/l	Source	849	213
b-eryt	e12/l	PrimaryInjection	6950	510
b-leuk	e9/l	PrimaryInjection	6927	516
b-trom	e9/l	PrimaryInjection	6921	500
pt-gfre	ml/min/173m2	PrimaryInjection	5190	443
e-erytrosyytit,keskitilavuus	fl	Source	311	122
b-erytrosyytit,tilavuusosuus	%	Source	256	62
b-hemoglobiini	g/l	Source	584	210
e-hemoglobiini,keskimassakonsentraatio	g/l	Source	299	113
e-hemoglobiini(massa)	pg	Source	248	60
e-punasolujenkokojakauma	%	Source	659	195
p-natrium	mmol/l	Source	351	138
p-alaniiniaminotransferaasi	u/l	Source	162	80
p-kalium	mmol/l	Source	357	138
p-kreatiniini	umol/l	Source	401	149
pt-glomerulussuodosnopeus,estimoitu	ml/min/173m2	Source	314	101
p-tyreotropiini	mu/l	Source	103	76
p-tyroksiini,vapaa	pmol/l	Source	95	59
fp-glukoosi	mmol/l	Source	79	57
fp-triglyseridit	mmol/l	Source	47	38
fp-kolesteroli	mmol/l	Source	40	32
fp-kolesteroli,highdensitylipoproteiinit	mmol/l	Source	48	36
fp-kolesteroli,lowdensitylipoprotein	mmol/l	Source	22	15
u-kreatiniini	mmol/l	Source	78	57
p-t3-v	pmol/l	Source	246	77
s-alat	u/l	Source	1211	506
s-asat	u/l	Source	93	67
s-crp	mg/l	Source	593	317
fs-gluk	mmol/l	Source	90	45
s-gt	u/l	Source	720	388
s-k	mmol/l	Source	535	265
fs-kol	mmol/l	Source	1028	438
fs-kol-hdl	mmol/l	Source	1025	436
fs-kol-ldl	mmol/l	Source	1027	436
fs-krea	umol/l	Source	1070	490
s-na	mmol/l	Source	485	258
fs-trigly	mmol/l	Source	1034	439
s-uraat	umol/l	Source	167	106
s-cdt	%	Source	440	248
s-tsh	mu/l	Source	979	500
s-t4-v	pmol/l	Source	865	440
fp-gluk	mmol/l	Source	7614	1600
b-hba1c	mmol/mol	Source	7868	1542
u-ph	ph	SecondaryCorrection	2435	769
b-hkr	ratio	SecondaryCorrection	21707	1131
b-la	mm/h	Source	5281	1275
b-liuskat	e9/l	Source	142	36
b-eos	e9/l	Source	4545	828
b-baso	e9/l	Source	4211	803
b-monos	e9/l	Source	4076	787
b-lymf	e9/l	Source	864	200
p-ck	u/l	Source	1127	490
p-afos	u/l	Source	10162	1233
l-lymf	%	Source	941	198
s-ca(akt)	mmol/l	Source	240	63
s-ph(akt)	ph	Source	294	83
s-ca(7.4)	mmol/l	Source	342	95
l-liuskat	%	Source	155	38
l-eos	%	Source	3693	566
l-baso	%	Source	3639	559
l-monos	%	Source	1601	318
u-alb-o	estimate	Source	541	179
u-keto-o	estimate	Source	478	156
u-eryt-o	estimate	Source	499	173
u-gluk-o	estimate	Source	530	180
u-leuk-o	estimate	Source	531	173
u-nitr-o	estimate	Source	628	188
rakkoaika	h	Source	198	73
s-b12-vit	pmol/l	Source	324	207
p-ferrit	ug/l	Source	1951	621
fp-transf	g/l	Source	617	246
p-d-25	nmol/l	Source	318	184
u-eryt	e6/l	Source	1214	401
u-leuk	e6/l	Source	1281	436
u-osmest	mosm/kgh2o	Source	386	115
fp-fe	umol/l	Source	570	249
p-ca	mmol/l	Source	1381	442
u-epit	e6/l	Source	710	281
u-lier	e6/l	Source	899	299
fp-trfesat	%	Source	357	149
s-tshrab	iu/l	Source	37	25
s-krea	umol/l	Source	54	19
s-ferrit	ug/l	Source	843	383
s-korsol	nmol/l	Source	123	85
b-erybla	e9/l	Source	3865	352
l-neut	%	Source	1242	270
b-neut	e9/l	Source	7371	935
u-krea	mmol/l	Source	1946	598
pt-gfreepi	ml/min/173m2	Source	9925	1095
p-tfr	mg/l	Source	719	309
p-trigly	mmol/l	Source	1160	560
p-kol	mmol/l	Source	1242	585
p-kol-hdl	mmol/l	Source	1187	567
p-kol-ldl	mmol/l	Source	1705	676
u-alb	mg/l	Source	1201	409
u-albkre	mg/mmol	Source	1161	392
u-keto-o	estimate	SecondaryCorrection	212	69
glomerulussuodosnopeus,estimo	ml/min/173m2	Source	153	59
fe-folaat	nmol/l	Source	374	258
b-ly	e9/l	Source	3388	658
l-ly	%	Source	511	114
p-bil	umol/l	Source	5192	841
p-gt	u/l	Source	3168	989
fp-cga	nmol/l	Source	41	11
s-5hiaa	nmol/l	Source	51	10
p-tt-inr	inr	Source	5798	635
p-amyl	u/l	Source	1414	519
p-asat	u/l	Source	1546	530
p-alb	g/l	Source	3529	711
s-psa-t	ug/l	Source	155	29
s-psa-v/t	%	Source	66	20
p-tt	%	Source	1892	430
10299	mmol/l	Source	59	19
11564	mmol/l	Source	57	18
s-d-25	nmol/l	Source	1482	666
fp-pth	ng/l	Source	530	120
s-rf	kiu/l	Source	16	13
b-eos	e9/l	PrimaryInjection	1378	210
b-baso	e9/l	PrimaryInjection	1157	203
b-ly	e9/l	PrimaryInjection	1163	205
b-monos	e9/l	PrimaryInjection	1164	207
b-neut	e9/l	PrimaryInjection	2540	250
l-neut(a)	%	Source	2728	351
l-mono(a)	%	Source	2726	351
l-lymf(a)	%	Source	2728	351
p-pc	%	Source	29	27
p-ps-agv	%	Source	26	23
p-b2gpabg	u/ml	Source	16	14
p-tt.	%	Source	33	24
p-fviii.	%	Source	101	48
p-at3.	%	Source	23	21
p.-trombai	s	Source	32	24
s-digoks	nmol/l	Source	77	26
p-fidd	mg/l	Source	521	298
fp-krea	umol/l	Source	3399	465
s-ca-ion	mmol/l	Source	1956	514
pt-glomerulussuodosnopeus,estimoitu,ckd-epi-kaava	ml/min/173m2	Source	860	182
cb-hbo2sat	%	Source	72	26
cb-po2	kpa	Source	152	38
cb-pco2	kpa	Source	466	104
cb-be	mmol/l	Source	407	86
p-tni	ug/l	Source	86	34
ca++/ph7.4	mmol/l	Source	37	15
fp-ca	mmol/l	Source	296	137
p-uraat	umol/l	Source	909	369
b-ghb-a1c	%	Source	350	210
p-psa	ug/l	Source	1722	363
p-iga	g/l	Source	233	153
hdl/kol	%	Source	961	205
s-b12-tc2	pmol/l	Source	871	479
b-retik	e9/l	Source	256	123
e-retik	%	Source	514	204
s-iglcl-v	mg/l	Source	155	43
s-iglck-v	mg/l	Source	154	43
e-rethe	pg	Source	33	20
b-retind	%	SecondaryCorrection	25	19
s-k/l-s-v	ratio	Source	131	39
u-prot	g/l	Source	25	10
s-prot	g/l	Source	340	138
p-ld	u/l	Source	747	201
glomerulussuodosnopeus,estimoitu,ckd-epi-kaava	ml/min/173m2	Source	177	45
u-albumiini(kval)	estimate	Source	29	26
u-asetoniaineet(kval)	estimate	Source	52	39
u-glukoosi(kval)	estimate	Source	47	36
u-leukosyytit(kval)	estimate	Source	36	30
u-nitriitti(kval)	estimate	Source	47	37
p-inr	inr	Source	5793	214
p-psa-v	ug/l	Source	673	192
p-ca-albk	mmol/l	Source	737	269
p-psa-suh	%	Source	485	135
u-eryt	e6/l	PrimaryInjection	559	192
u-leuk	e6/l	PrimaryInjection	561	192
u-lier	e6/l	PrimaryInjection	570	194
u-levyep	e6/l	PrimaryInjection	568	194
u-pienep	e6/l	PrimaryInjection	568	194
fs-folaat	nmol/l	Source	692	444
s-ph	ph	SecondaryCorrection	1663	354
s-ca-iona	mmol/l	Source	1627	360
p-mg	mmol/l	Source	919	263
s-tsh	miu/l	Source	387	261
s-hcrp	mg/l	Source	27	25
kol/hdlsuh	ratio	Source	252	158
non-hdl	mmol/l	Source	272	162
neutros	%	Source	94	71
lymfos	%	Source	93	70
monos	%	Source	123	76
basof	%	Source	94	71
eosin	%	Source	94	71
f-calpro	ug/g	Source	573	222
s-psa	ug/l	Source	328	156
s-psa-v	ug/l	Source	96	41
s-psa-suh	%	Source	72	26
p-amylp	u/l	Source	373	157
otettujenpurkkien/putkienlkm	u	PrimaryInjection	170	111
l-mon	%	Source	32	12
b-erblas	e9/l	Source	10	6
b-hemoglobiini-a1c	mmol/mol	Source	234	173
p-bnp	ng/l	Source	263	108
b-erblast	e9/l	Source	1451	276
p-aptt	s	Source	638	260
p-hco3	mmol/l	Source	956	114
p-ck-mbm	ug/l	Source	327	124
p-urea	mmol/l	Source	785	101
p-pi	mmol/l	Source	752	101
pf-eryt	e6/l	Source	21	16
pf-leuk	e6/l	Source	29	20
pt-gfreepi	ml/min/173m2	PrimaryInjection	423	110
p-ca-ion	mmol/l	Source	115	51
b-erblast	e9/l	PrimaryInjection	1149	200
vb-be	mmol/l	Source	728	153
p-tromboplastiiniaika,inr-tulostus	inr	Source	135	20
s-ca15-3	u/ml	Source	36	17
s-kalsium,ionisoitunut,aktuaalinen	mmol/l	Source	37	23
s-kalsium,ionisoitunut	mmol/l	Source	182	65
fb-leuk	e9/l	Source	1742	191
p-t4v	pmol/l	Source	467	135
p-korsol	nmol/l	Source	214	94
du-metnef	umol	Source	6	6
b-neut	%	Source	92	55
b-ly	%	Source	82	50
b-monos	%	Source	76	51
b-eos	%	Source	78	48
b-baso	%	Source	33	14
fs-ca-ion	mmol/l	Source	57	32
ca++/7.40	mmol/l	Source	625	125
du-ca	mmol/24h	SecondaryCorrection	78	32
fp-pi	mmol/l	Source	585	122
ca-ion	mmol/l	Source	628	127
14272	e9/l	Source	339	34
p-myogl	ug/l	Source	126	55
p-lh	u/l	Source	21	14
p-fsh	u/l	Source	62	39
l-lymfos	%	Source	399	88
l-eosin	%	Source	397	87
l-basof	%	Source	399	88
l-neutr	%	Source	416	91
p-acth	ng/l	Source	34	27
fs-ca-ion/ph7.40	mmol/l	Source	143	43
hdl/kol.	%	Source	45	36
s-afos	u/l	Source	238	164
u-osmole	mosm/kgh2o	Source	330	133
s-amh	ug/l	Source	34	26
s-prog	nmol/l	Source	11	9
s-e2	nmol/l	Source	47	37
s-ca12-5	u/ml	Source	204	41
p-hcg-tot	iu/l	PrimaryInjection	11	6
e-punasolujenkokojakaum	%	Source	241	163
s-lh	iu/l	PrimaryInjection	10	9
p-crp-vt	mg/l	Source	11	10
u-suhti	kg/l	Source	179	41
u-ph-o	ph	SecondaryCorrection	237	84
erytrosyytit,kokojakaumaindeksi,osatutk.2474	%	Source	22	7
crp,tk	mg/l	Source	61	10
s-cea	ug/l	Source	395	86
u-suhti-o	ratio	Source	138	31
u-levyep	e6/l	Source	383	139
u-hyalier	e6/l	Source	28	13
u-pienep	e6/l	Source	303	124
u-osmoest	mosm/kgh2o	Source	76	25
u-muulier	e6/l	Source	28	13
s-nse	ug/l	Source	59	25
fs-c-pept	nmol/l	Source	58	30
p-tsh	miu/l	Source	107	29
s-ca19-9	u/ml	Source	227	56
vb-ahco3	mmol/l	Source	134	33
vb-hbo2sat	%	Source	267	71
vb-o2-sis	ml/l	Source	64	16
vb-thb	g/l	Source	101	35
vp-gluk	mmol/l	Source	49	14
vp-laktaat	mmol/l	Source	49	14
vp-k	mmol/l	Source	49	14
vp-na	mmol/l	Source	49	14
vp-cl	mmol/l	Source	49	14
vp-ca-ion	mmol/l	Source	48	13
p-b12-vit	pmol/l	Source	203	123
cb-ahco3	mmol/l	Source	50	13
cb-ph	ph	Source	455	101
fp-urea	mmol/l	Source	279	60
vb-temp	°c	Source	62	20
sy-leuk	e6/l	Source	40	29
sy-eryt	e6/l	Source	11	10
b-hb-co	%	Source	161	46
b-hb-met	%	Source	161	46
p-k-veka	mmol/l	Source	68	22
vb-laktaat	mmol/l	Source	61	20
p-ca(7.4)	mmol/l	Source	73	26
p-na-veka	mmol/l	Source	68	22
vb-gluk	mmol/l	Source	60	19
p-pct	ug/l	Source	92	44
l-blast	%	Source	7	6
l-promyel	%	Source	50	23
l-myel	%	Source	114	26
l-meta	%	Source	58	8
cb-o2-sis	%	Source	8	6
cb-hb	g/l	Source	38	13
u-osmoest	mosm/kgh2o	SecondaryCorrection	32	12
s-haptog	g/l	Source	48	26
vb-o2-sis	%	Source	47	18
fp-nh4-ion	umol/l	Source	63	42
e-erytrosyytit,kokojakauma	%	Source	361	75
b-tromb	e9/l	Source	1923	195
b-hb-a1c	%	Source	231	142
p-crp-hy	mg/l	Source	27	20
ckd-epi-yhtälö	ml/min/173m2	Source	95	12
u-suhteellinentiheys	1	Source	103	48
u-erytrosyytit	e6/l	Source	103	62
u-leukosyytit	e6/l	Source	76	47
fb-leukosyytit	e9/l	Source	233	88
pt-lämpötila	°c	Source	91	24
cb-emäsylimäärä	mmol/l	Source	43	18
cb-standardibikarbonaatti	mmol/l	Source	44	19
p-kalsium-ioni,aktuaali	mmol/l	Source	89	24
ap-laktaatti	mmol/l	Source	31	11
p-kalsium,ionisoitunut	mmol/l	Source	54	17
s-hcg	u/l	Source	17	10
s-ohkarba	umol/l	Source	24	8
s-afp	u/ml	Source	95	33
pt-gfreep	ml/min/173m2	Source	70	17
psa-v/psa	%	Source	184	45
lymf	%	Source	223	64
mono	%	Source	195	59
nlt	%	Source	14	8
b-crp	mg/l	Source	78	21
pt-glumerulussuodosnopeus,estimoitu,cjd-epikaava	ml/min/173m2	Source	27	10
b-mono	e9/l	Source	168	43
l-mono	%	Source	205	51
pt-gfre-md	ml/min/173m2	Source	101	57
s-tfr	mg/l	Source	303	157
u-suhtih	kg/l	Source	168	58
0mgluk	mmol/l	Source	11	7
s-rf	iu/ml	Source	51	46
b-pikacrp	mg/l	Source	14	6
s-fsh	u/l	Source	52	41
b-hba1c	mmol/m	Source	10	10
pt-gfreepi	ml/min/173m2	SecondaryCorrection	50	9
fb-folaat	nmol/l	Source	18	12
fs-ca	mmol/l	Source	14	8
fs-transf	g/l	Source	83	54
b-eosin	e9/l	Source	101	40
s-prealb	g/l	Source	151	64
s-alb	g/l	Source	93	75
s-ca-albk	mmol/l	Source	36	33
pt-glomerulussuodosnopeus,ckd-epi-kaava	ml/min/173m2	Source	174	22
s-sappih	umol/l	Source	23	15
s-antitry	g/l	Source	38	36
fs-ace	u/l	Source	175	61
fs-fe	umol/l	Source	180	86
s-ana	titre	Source	64	55
p-bil-kj	umol/l	Source	534	177
-trfesat	%	Source	219	90
p-igg	g/l	Source	260	105
p-igm	g/l	Source	146	87
b-peth	mg/l	SecondaryCorrection	84	41
-hdl/kol.	%	Source	22	18
s-ige	u/ml	Source	119	92
l-lymfosyytit	%	Source	320	104
l-monosyytit	%	Source	281	81
l-eosinofiilit	%	Source	213	62
l-basofiilit	%	Source	199	53
l-neutrofiilit	%	Source	302	97
b-basofiilit	e9/l	Source	47	22
b-lymfosyytit	e9/l	Source	117	61
b-neutrofiilit	e9/l	Source	224	82
p-haptoglobiini	g/l	Source	7	7
p-gluk,tk	mmol/l	Source	13	7
ab-thb	g/l	Source	264	50
ab-ahco3	mmol/l	Source	296	67
ab-hbo2sat	%	Source	452	103
ap-laktaat	mmol/l	Source	265	49
ap-na	mmol/l	Source	264	50
ap-k	mmol/l	Source	264	50
lymfosyytit,3-osa	%	Source	12	10
neutrofiilit,3-osa	%	Source	12	10
muut,3-osa	%	Source	12	10
b-neutrofiilit,3-osa	e9/l	Source	12	10
b-lymfosyytit,3-osa	e9/l	Source	12	10
b-retik	e9/l	PrimaryInjection	95	40
p-haptog	g/l	Source	78	52
sy-leuk	e6/l	PrimaryInjection	9	8
s-crp-o	mg/l	Source	29	18
prostataspesifinenantigeeni	ug/l	Source	9	7
l-myelos	%	Source	50	23
l-metamye	%	Source	40	19
u-k	mmol/l	Source	18	14
u-na	mmol/l	Source	39	30
u-osmol	mosm/kgh2o	Source	33	27
s-ttgaba	u/ml	Source	166	137
p-hcg	u/l	Source	44	27
s-hbsab	miu/ml	Source	26	20
s-prl	mu/l	Source	123	75
l-baso(a)	%	Source	574	163
l-eos(a)	%	Source	575	163
kolesteroli/hdl-suhde	ratio	Source	136	108
glom.suod.nopeusckd-epi	ml/min/173m2	Source	100	81
-h-ind	index	Source	163	51
p-k	mmol/l	PrimaryInjection	23	19
fp-kol	mmol/l	PrimaryInjection	11	10
fp-kol-hdl	mmol/l	PrimaryInjection	8	8
fp-trigly	mmol/l	PrimaryInjection	7	7
fp-kol-ldl	mmol/l	PrimaryInjection	12	10
s-ca	mmol/l	Source	89	65
nu-albkrea	mg/mmol	Source	95	47
p-crp-o	mg/l	Source	155	83
s-hs-crp	mg/l	Source	60	24
s-ck	u/l	Source	32	27
p-rf	iu/ml	Source	58	47
s-hcg-b-v	ug/l	Source	93	58
s-pappa	mu/l	Source	188	123
fs-sappih	umol/l	Source	17	12
p-vrab-o	estimate	Source	43	32
s-ccpab	eliau/ml	Source	28	27
p-fidd-o	mg/l	Source	68	55
pt-lämpöt	°c	Source	304	54
ab-shco3	mmol/l	Source	278	53
fp-ca-ion.	mmol/l	Source	106	15
u-albkrea	mg/mmol	Source	46	23
s-prealb	mg/l	Source	113	61
du-krea	mmol	Source	17	9
s-he4	pmol/l	Source	57	38
cb-gluk	mmol/l	Source	9	8
b-basof	e9/l	Source	64	29
b-lymfos	e9/l	Source	64	29
b-neutr	e9/l	Source	72	31
tffesat	%	Source	14	11
b-crp-vt	mg/l	Source	89	48
s-dnanab	iu/ml	Source	25	9
p-c3	g/l	Source	81	43
p-c4	g/l	Source	72	42
eos	%	Source	219	63
baso	%	Source	153	46
neut	%	Source	299	69
s-rnpab	u/ml	Source	13	8
s-smab	u/ml	Source	8	6
s-hcgbv	ug/l	Source	17	13
pappakmom	ratio	Source	93	67
hcgbvkmom	ratio	Source	93	67
ntkmom	ratio	Source	93	67
u-suhti	kg/l	SecondaryCorrection	1061	284
fp-gluk	mmol/l	PrimaryInjection	9	9
s-k	mmol/l	PrimaryInjection	9	8
s-ca	mmol/l	PrimaryInjection	7	6
fs-kol	mmol/l	PrimaryInjection	8	7
fs-kol-hdl	mmol/l	PrimaryInjection	9	8
fs-kol-ldl	mmol/l	PrimaryInjection	9	8
s-testo	nmol/l	Source	261	131
fs-trigly	mmol/l	PrimaryInjection	9	8
s-psa	ug/l	PrimaryInjection	8	7
s-crp,herkkä	mg/l	PrimaryInjection	10	9
p-ferritiini	ug/l	Source	39	28
b-hemoglobiini-a1c	mmol/m	Source	29	25
s-ccpab	u/ml	Source	152	119
sy-solut	e6/l	Source	36	14
kalsium,albumiinikorjattu	mmol/l	Source	13	12
fp-pth	pmol/l	Source	46	25
happamuusaste,seerumi	ph	Source	14	11
kalsium,ionisoitunut(7.4),seerumi	mmol/l	Source	31	19
p-crp/pika	mg/l	Source	24	15
f-elast1	ug/g	Source	48	33
l-mono+muu	%	Source	12	7
b-erytp	e12/l	Source	24	15
b-leukp	e9/l	Source	26	15
li-gluk	mmol/l	Source	46	38
li-prot	mg/l	Source	50	38
li-fostau	ng/l	Source	7	7
li-tau	ng/l	Source	7	7
li-bam42	ng/l	Source	7	7
poikkeavalämpötila	°c	Source	66	13
s-ast	iu/ml	Source	13	9
s-iga	g/l	Source	140	121
b-neutrofiili,erillistutkimuksena	e9/l	Source	119	17
s-chpnabg	eiu	Source	11	8
s-pujoe	u/ml	Source	21	19
s-timotee	u/ml	Source	24	22
s-kissae	u/ml	Source	9	8
s-koirae	u/ml	Source	8	7
s-dpteroe	u/ml	Source	19	17
s-pölyer	u/ml	Source	53	50
s-cladhee	u/ml	Source	7	6
b-ph	ph	Source	179	26
b-pco2	kpa	Source	177	25
b-be	mmol/l	Source	145	22
b-po2	kpa	Source	177	25
b-temp	°c	Source	30	8
oma-crp	mg/l	Source	96	31
u-bakt	estimate	Source	40	25
b-thb	g/l	Source	67	16
cb-o2hb	%	Source	35	14
cb-to2c	ml/dl	Source	35	14
cb-laktaat	mmol/l	Source	40	16
p-prl	mu/l	Source	42	24
e-hemoglobiini,keskimassa	pg	Source	198	101
fp-kolesteroli,lowdensitylipoproteiinit	mmol/l	Source	18	15
fp-triglyseriditplasmasta	mmol/l	Source	10	6
s-lh	u/l	Source	28	23
li-laktaat	mmol/l	Source	23	15
s-van	mg/l	Source	84	19
s-valpr	umol/l	Source	175	27
s-prostataspesifinenantigeeni,vapaa/totaali	%	Source	23	9
p-fe	umol/l	Source	13	8
oma-p-crp	mg/l	Source	76	36
s-c3	g/l	Source	72	31
p-c1inhbk	%	Source	10	7
s-enaab	u/ml	Source	18	17
s-koivue	u/ml	Source	30	25
basofiilitosuus	%	Source	15	14
eosinofiilit,osuus	%	Source	10	9
lymfosyytitosuus	%	Source	15	14
monosyytitosuus	%	Source	15	14
neutrofiilit,osuus	%	Source	10	9
b-bas	%	Source	45	35
e-kokojakauma	%	Source	55	24
s-trigly	mmol/l	Source	112	104
s-kol	mmol/l	Source	124	108
s-kol-hdl	mmol/l	Source	128	108
s-kol-ldl	mmol/l	Source	108	99
c-reaktiivinenproteiini,herkkä,seerumista	mg/l	Source	20	19
punasolujenesiasteet(erytroblastit)	e9/l	Source	8	7
punasolujenkokojakauma	%	Source	508	175
ca++	mmol/l	Source	41	12
ca++ph7.4	mmol/l	Source	41	12
s-ca-i7.4	mmol/l	Source	161	42
b-k	mmol/l	Source	99	23
b-na	mmol/l	Source	99	23
b-laktteh	mmol/l	Source	99	25
ab-ca-i7.4	mmol/l	Source	86	19
ab-ca-ion	mmol/l	Source	87	19
b-cl	mmol/l	Source	81	19
b-angap	mmol/l	Source	80	19
s-prostataspesifinenantigeeni,kokonais	ug/l	Source	17	13
s-lh	iu/l	Source	19	13
s-shbg	nmol/l	Source	103	62
s-testovl	pmol/l	Source	39	24
s-borrabm	au/ml	Source	18	16
s-bil	umol/l	Source	57	46
s-ld	u/l	Source	46	17
s-lipoa1	g/l	Source	70	67
s-lipob	g/l	Source	70	67
s-apob/apoa1-suhde	ratio	Source	74	69
u-suhti.	ratio	Source	121	46
p-alb	g/l	PrimaryInjection	6	6
cb-hco3-st	mmol/l	Source	339	65
s-albumiini-fraktio	g/l	Source	9	6
s-alfa-1-fraktio	g/l	Source	9	6
s-alfa-2-fraktio	g/l	Source	9	6
s-beta-1-fraktio	g/l	Source	9	6
s-beta-2-fraktio	g/l	Source	9	6
s-gamma-fraktio	g/l	Source	9	6
s-mkomp-1	g/l	Source	147	58
b-hkr(erytrosyytit,tilavuusosuus)	ratio	SecondaryCorrection	195	53
erytroblastit	e9/l	Source	460	136
p-tromboplastiiniaika,inr-tulos	inr	Source	19	9
p-troponiinit	ng/l	Source	48	24
glomerulussuodosnopeus,estimoitu	ml/min/173m2	Source	215	65
b-hba1cvt	mmol/mol	Source	74	16
e-mch	pg/cell	Source	229	15
p-tsh	miu/l	SecondaryCorrection	77	10
fp-trigl	mmol/l	Source	54	9
fs-kolesteroli	mmol/l	Source	10	8
fs-kolesteroli,highdensitylipoproteiinit	mmol/l	Source	10	8
fs-kolesteroli,lowdensitylipoproteiinit	mmol/l	Source	10	8
fs-triglyseridit	mmol/l	Source	9	7
p-ca12-5	u/ml	Source	119	42
p-ca15-3	u/ml	Source	81	15
s-osacdt	mg/l	Source	11	8
s-osacdtr	g/l	Source	11	8
p-hcyst	umol/l	Source	18	15
s-beta1	g/l	Source	11	6
s-beta2	g/l	Source	12	7
s-alfa2	g/l	Source	11	6
s-gamma	g/l	Source	153	62
p-inr-vt	inr	Source	11	8
gluk-pika	mmol/l	Source	22	6
crp-pika	mg/l	Source	32	14
k-pika	mmol/l	Source	17	6
na-pika	mmol/l	Source	17	6
b-be	mmol/l	PrimaryInjection	64	10
p-kysc	mg/l	Source	190	40
s-igg	g/l	Source	88	45
s-igm	g/l	Source	36	28
s-siliab	titre	Source	11	9
p-prealb	g/l	Source	98	41
as-prot	g/l	Source	7	6
s-epo	iu/l	Source	9	9
p-ca19-9	u/ml	Source	88	36
l-blastit	%	Source	56	26
b-hkr	fl	Source	24	21
p-cea	ug/l	Source	134	45
fs-a-vit	umol/l	Source	11	9
fs-e-vit	umol/l	Source	12	10
baso	e9/l	Source	151	32
lymf	e9/l	Source	87	32
mono	e9/l	Source	85	31
pf-prot	g/l	Source	33	25
b-bas	e9/l	Source	40	11
pt-glomerulustensuodatusnopeus,estimoitu,ckd-epi-kaava	ml/min/173m2	Source	117	61
u-lieriöt	e6/l	Source	248	114
u-levyepiteelisolut	e6/l	Source	43	24
u-pienetepiteelisolut	e6/l	Source	43	24
s-tsh	mu/l	PrimaryInjection	13	11
-nt	mm	Source	70	52
s-hcgbv/d	ug/l	Source	79	54
nu-alb	ug/min	Source	6	6
s-alfa-1	g/l	Source	146	58
s-alfa-2	g/l	Source	143	56
s-beta-1	g/l	Source	140	54
s-beta-2	g/l	Source	139	53
s-mkomp-2	g/l	Source	138	54
s-mkomp-3	g/l	Source	133	50
s-mkomp-4	g/l	Source	133	50
s-album	g/l	Source	136	51
cu-alb	ug/min	Source	28	14
rdw	%	Source	31	11
s-dnanab	u/ml	Source	11	8
lieriöt	e6/l	Source	94	49
u-epilevy	e6/l	Source	72	32
u-epipien	e6/l	Source	79	35
u-epiteelisolut	e6/l	Source	60	38
s-kalsium-ioni.aktuaali	mmol/l	Source	46	14
e-erytbla	e9/l	Source	61	9
p-alkalinenfosfataasi	u/l	Source	84	41
p-amylaasi	u/l	Source	8	7
p-aspartaattiaminotransferaasi	u/l	Source	20	15
p-bilirubiini	umol/l	Source	48	19
p-glutamyylitransferaasi	u/l	Source	18	14
kreatiniini	umol/l	Source	110	47
e-mcv(erytrosyytit,keskitilavuus)	fl	Source	129	46
b-lasko	mm/h	Source	47	38
l-muut	%	Source	10	8
b-muut	e9/l	Source	10	8
u-hyalie	e6/l	Source	81	15
u-leuk-bv	e6/l	Source	72	21
fp-kol-ind	mmol/l	Source	26	17
p-glu/2h	mmol/l	Source	12	6
p-glu/0	mmol/l	Source	12	6
u-alb-mi	mg/l	Source	40	13
erytrosyytit,virtsa	e6/l	Source	34	12
epiteelisolut,virtsa	e6/l	Source	34	12
lieriöt,virtsa	e6/l	Source	34	12
albumiini,osoitus,virtsa	estimate	Source	15	11
u-erytrosyytit(kval)	estimate	Source	23	18
leukosyytit,virtsa	e6/l	Source	29	10
p-c-reaktiivinenproteiinipikahoitoyksiköt	mg/l	Source	28	11
kalsium,albumiinikorjattu,plasma	mmol/l	Source	11	7
s-mypnabm	index	Source	15	15
s-mypnabg	eiu	Source	49	37
s-mypnabm	s/co	Source	11	9
p-hcg-tot	iu/l	Source	17	10
s-amyl	u/l	Source	37	34
s-bil-kj	umol/l	Source	13	13
l-bla	%	Source	92	12
l-prom	%	Source	95	15
l-metam	%	Source	49	11
l-nst	%	Source	47	11
l-nlt	%	Source	51	11
b-mon	e9/l	Source	15	6
b-lt	e9/l	Source	17	6
-l-ind	index	Source	41	22
fp-rauta	umol/l	Source	12	10
fp-transferriininrautakyllästeisyys	%	Source	14	9
l-basofiilit,automaatio	%	Source	32	19
l-eosinofiilit,automaatio	%	Source	32	19
b-basofiilisetleukosyytit	e9/l	Source	76	41
b-monosyytit	e9/l	Source	94	52
l-neutrofiilit,automaatio	%	Source	56	32
l-monosyytit,automaatio	%	Source	56	32
b-erytroblastit,absoluuttiset,automaattidiffi	e9/l	Source	31	21
l-lymfosyytit,automaatio	%	Source	56	32
u-prot	mg/l	Source	60	13
s-c4	g/l	Source	47	32
s-ana	titre	PrimaryInjection	13	10
s-ssaab	u/ml	Source	11	7
p-rf	iu/ml	PrimaryInjection	13	13
crp	mg/l	Source	20	9
ab-emäsylimäärä	mmol/l	Source	44	18
ab-standardibikarbonaatti	mmol/l	Source	30	13
l-promyelosyytit	%	Source	12	7
l-myelosyytit	%	Source	13	8
l-metamyelosyytit	%	Source	13	8
l-neutrofiilit,sauvatumaiset	%	Source	12	7
l-neutrofiilit,liuskatumaiset	%	Source	12	7
pt-glomerulussuodosnopeus,estimoitu,ckd-ep	ml/min/173m2	Source	14	12
s-borrabg	au/ml	Source	7	7
u-amyl	u/l	Source	9	9
pt-glomerulussuodosnopeus,pt-gfreepiestimoitu,ckd-epi-kaava	ml/min/173m2	Source	27	16
b-eosinofiilit	e9/l	Source	156	76
s-tes-vlik	pmol/l	Source	12	11
s-tpoab	iu/ml	Source	38	32
fp-glukoosi,paastonäyte	mmol/l	Source	46	36
kolesteroli	mmol/l	Source	66	54
ldl-kolesteroli	mmol/l	Source	48	37
u-erytla	e6/l	Source	12	6
u-leukla	e6/l	Source	12	6
u-lierla	e6/l	Source	12	6
u-epitla	e6/l	Source	12	6
p-apcres.	form	Source	16	14
alaniiniaminotransferaasi	u/l	Source	59	44
hdl-kolesteroli	mmol/l	Source	30	25
triglyseridit	mmol/l	Source	66	56
lymfosyytit	%	Source	62	35
neutrofiilit	%	Source	92	50
monosyytit	%	Source	62	35
p-tpoab	u/ml	Source	9	7
s-kysc	mg/l	Source	19	11
fs-ph	ph	Source	63	27
s-transferriinireseptori	mg/l	Source	6	6
s-b12-vitamiini,transkobalamiiniii:nsitoutunut	pmol/l	Source	7	7
s-d-vitamiini-25-oh	nmol/l	Source	17	15
fs-folaatti	nmol/l	Source	19	16
albumiini	g/l	Source	16	12
p-kalsium	mmol/l	Source	17	14
p-kalsium,albumiinikorjattu	mmol/l	Source	32	24
NA	mg/l	Source	10	8
b-crpp	mg/l	Source	28	19
s-fsh	iu/l	Source	57	45
s-hbsab	iu/l	Source	7	7
u-ominp-h	kg/l	Source	42	30
s-ecp	ug/l	Source	41	9
li-eryt	e6/l	Source	35	25
li-leuk	e6/l	Source	28	24
p-laktaatti	mmol/l	Source	57	18
vb-emäsylimäärä	mmol/l	Source	67	27
vb-hiilimonoksidi-hb	%	Source	58	19
vb-methemoglobiini	%	Source	57	18
vb-standardibikarbonaatti	mmol/l	Source	61	21
vb-kokonaishemoglobiini,verikaasuanalysaattorista	g/l	Source	58	19
s-trypt	ug/l	Source	9	8
s-mg	mmol/l	Source	23	17
s-d3-25	nmol/l	Source	10	9
s-osmol	mosm/kgh2o	Source	19	16
p-kopept	pmol/l	Source	10	6
s-igf1	nmol/l	Source	17	14
s-prlrec	%	Source	7	7
s-prlbio	mu/l	Source	7	7
s-aldos	pmol/l	Source	12	10
s-normet	nmol/l	Source	15	12
s-metnef	nmol/l	Source	12	9
s-dheas	umol/l	Source	36	15
s-d-1,25	pmol/l	Source	17	16
p-laktaat	mmol/l	Source	60	25
vb-shco3	mmol/l	Source	53	22
du-na	mmol/24h	SecondaryCorrection	13	9
li-alb	mg/l	Source	11	10
li-igg	mg/l	Source	14	11
li-ace	u/l	Source	8	7
li-igg-ind	ratio	SecondaryCorrection	13	12
du-k	mmol	Source	8	6
eryt	e6/l	Source	47	20
leuk	e6/l	Source	27	14
b-hbp	g/l	Source	20	14
s-lzm	mg/l	Source	140	44
redcelldistributionwidth	%	Source	17	15
pt-gfre-cg	ml/min/173m2	Source	49	22
s-tpoab	u/ml	Source	19	17
sy-gran	%	Source	21	8
b-tbifng	iu/ml	Source	19	17
ph(akt)	ph	Source	40	20
kalsium,ionisoitunut(7.4)	mmol/l	Source	40	20
fb-b1-vit	nmol/l	Source	13	11
ly-cd19-b	%	Source	16	6
kolesteroli,highdensitylipoproteiinit	mmol/l	Source	33	29
kolesteroli,lowdensitylipoproteiinit	mmol/l	Source	19	18
u-albumiini	mg/l	Source	56	39
u-albumiininjakreatiniininsuhde	mg/mmol	Source	20	16
s-li	mmol/l	Source	165	11
s-klotsa	nmol/l	Source	379	13
s-epo	u/l	Source	21	18
ab-aktuaalibikarbonaatti	mmol/l	Source	46	17
ab-hemoglobiini	g/l	Source	14	6
b-laktaatti,päivystystutkimus	mmol/l	Source	13	6
s-t3-v	pmol/l	Source	67	29
s-afluust	u/l	Source	16	16
s-afmaksa	u/l	Source	14	14
s-afmakro	u/l	Source	15	15
s-afmuut	u/l	Source	7	7
s-kerulo	mg/l	Source	16	16
p-fibr	g/l	Source	166	63
u-epi	e6/l	Source	57	14
s-ebvabg	u/ml	Source	29	27
neutrofiilit,absol.arvot	e9/l	Source	74	37
l-eosonofiilit	%	Source	28	15
l-basofiilisetleukosyytit	%	Source	37	21
l-monosyytti	%	Source	51	25
p-tromboplastiiniaika	%	Source	10	8
u-osmolaliteetti	mosm/kgh2o	Source	10	8
u-epiteelisolu	e6/l	Source	10	8
u-veri(kval)	estimate	Source	13	12
p-albumiini	g/l	Source	20	13
p-c-reaktiivinenproteiini	mg/l	Source	147	39
p-glukoosi	mmol/l	Source	34	25
fp-laktaatti	mmol/l	Source	7	6
u-prot-o	form	Source	87	13
u-sg	kg/l	Source	13	7
u-epitel	u/field	Source	32	6
u-leuk	/sunf	Source	33	6
cb-crp(qr)	mg/l	Source	24	6
u-epitel	/sunf	Source	44	6
u-bakt.	/sunf	Source	25	6
s-mg-ion	mmol/l	Source	13	6
crpvieri	mg/l	Source	25	13
s-b2miglo	mg/l	Source	8	6
ly-cd4-t	%	Source	15	11
p-fsl	s	Source	7	6
p-kardabg	u/ml	Source	21	14
p-antifxa	iu/ml	Source	82	18
pf-gluk	mmol/l	Source	27	20
pf-ld	u/l	Source	21	16
pf-ada	u/l	Source	20	17
b-t-cd4	e9/l	Source	9	9
s-kalsium,ionisoitunut,ph7.4korjattu	mmol/l	Source	8	7
p-kolesteroli	mmol/l	Source	38	27
p-kolesteroli,highdensitylipoproteiinit	mmol/l	Source	14	12
b-hb-a1c	mmol/mol	Source	29	7
s-c-pep-a	nmol/l	Source	9	8
p-tffesat	%	Source	8	7
s-igg1	g/l	Source	23	18
s-igg2	g/l	Source	23	18
s-igg3	g/l	Source	23	18
s-igg4	g/l	Source	46	33
p-kalium,paikallisanalytiikka,kuivakemia	mmol/l	Source	10	7
p-natrium,paikallisanalytiikka,kuivakemia	mmol/l	Source	10	7
b-lymfosyytit,abs	e9/l	Source	13	12
neutrofiilit,5-osa	%	Source	23	19
lymfosyytit,5-osa	%	Source	23	19
monosyytit,5-osa	%	Source	23	19
basofiilit,5-osa	%	Source	23	19
eosinofiilit,5-osa	%	Source	23	19
fs-lipoa1	g/l	Source	16	13
fs-lipob	g/l	Source	18	15
s-apob/a1	ratio	Source	9	8
s-dnanab	kiu/l	Source	10	6
s-infli	mg/l	Source	15	6
d-vitamiini-25-oh	nmol/l	Source	14	14
oma-gluk	mmol/l	Source	43	17
tromboplastiiniaika,inr-tulostus,plasmasta␤	inr	Source	58	16
l-neutrofiilit␤	%	Source	66	9
l-lymfosyytit␤	%	Source	68	10
l-monosyytit␤	%	Source	68	10
l-eosinofiilit␤	%	Source	66	9
l-basofiilit␤	%	Source	68	10
b-lymfosyytit␤	e9/l	Source	66	9
b-monosyytit␤	e9/l	Source	66	9
b-ghba1cp	%	Source	18	6
p-he4	pmol/l	Source	12	7
tyreotropiini	mu/l	Source	6	6
-i-ind	index	Source	20	13
troponiinit	ng/l	Source	23	7
u-epiteelit	e6/l	Source	7	6
e-mcv	%	Source	13	6
lymfo	%	Source	34	24
neutro	%	Source	34	24
muut	%	Source	33	23
b-neutrof	e9/l	Source	50	28
b-lymfosy	e9/l	Source	34	24
du-tilav	ml	Source	23	7
du-prot	g/24h	SecondaryCorrection	30	7
fs-rf	iu/ml	Source	10	7
cu-tilav	ml	Source	12	7
cu-kesto	min	Source	12	7
ly-cd19	%	Source	11	10
b-cd19	e9/l	Source	7	6
ly-cd4/cd8	ratio	Source	8	7
ly-cd3	%	Source	12	10
b-cd3	e9/l	Source	7	6
ly-cd16/56	%	Source	11	10
b-cd16/56	e9/l	Source	6	6
ly-cd4	%	Source	12	10
b-cd4	e9/l	Source	7	6
ly-cd8	%	Source	12	10
b-cd8	e9/l	Source	7	6
erytrosyytit	e12/l	Source	65	20
erytrosyytit,tilavuusosuus	ratio	SecondaryCorrection	65	20
leukosyytit	e9/l	Source	95	33
trombosyytit	e9/l	Source	65	20
erytrosyytit(kval)	estimate	Source	13	8
leukosyytit(kval)	estimate	Source	11	7
nitriitti(kval)	estimate	Source	12	8
aika/ed.virt	h	Source	9	9
s-kudostransglutaminaasi,igavasta-aineet	u/ml	Source	10	9
eosinofiilit,absol.arvot	e9/l	Source	48	27
basofiilit,absol.arvot	e9/l	Source	47	26
monosyytit,absol.arvot	e9/l	Source	39	22
lymfosyytit,absol.arvot	e9/l	Source	53	27
eosinofiilit	%	Source	53	27
basofiilit	%	Source	52	26
epiteelisolut,virtsasta	e6/l	Source	11	7
lieriöt,virtsasta	e6/l	Source	11	7
p-gluk120	mmol/l	Source	7	6
u-krea	umol/l	Source	14	7
p-c-pepta	nmol/l	Source	9	6
s-gadab	iu/ml	Source	6	6
s-probnp	ng/l	Source	7	6
uraatti	umol/l	Source	9	7
b-cr	ug/l	Source	11	6
b-co	ug/l	Source	12	6
lymfosyytit-osuus	%	Source	9	9
monosyytit-osuus	%	Source	8	8
neutrofiilit-osuus	%	Source	8	8
s-aldol	u/l	Source	27	12
alkalinenfosfataasi	u/l	Source	8	7
c-reaktiivinenproteiini	mg/l	Source	30	12
kolesteroli,lowdensity	mmol/l	Source	14	11
ab-hiilimonoksidi-hb	%	Source	28	11
ab-methemoglobiini	%	Source	34	14
ab-kokonaishemoglobiini,verikaasuanalysaattorista	g/l	Source	28	11
ap-kalium	mmol/l	Source	25	10
ap-natrium	mmol/l	Source	25	10
plasmanc-reaktiivinenproteiiniosoitus	mg/l	Source	10	6
ly-t-cd3	%	Source	8	7
ly-nk	%	Source	8	7
p-at3	%	Source	111	45
p-trombai	s	Source	111	56
-pr+np	%	Source	14	10
-liik.pr	%	Source	30	11
-liik.np	%	Source	30	11
-liik.im	%	Source	30	11
-tilav.	ml	Source	15	10
-siitt.	e6/ml	Source	14	8
-s.yht.	e6	Source	11	7
-pyör.s.	e6/ml	Source	11	7
s-fsh	iu/l	PrimaryInjection	16	14
s-insu	mu/l	Source	35	6
trombosyytit/pvk	e9/l	Source	23	12
glukoosi(kval)	estimate	Source	10	7
b-inr-pik	inr	Source	17	17
s-igg-sum	g/l	Source	8	6
s-tygl	ug/l	Source	16	6
troponiinit,plasma	ng/l	Source	26	8
s-kisshie	u/ml	Source	14	14
e-rdw,osatutkimus(19976e-rdw)	%	Source	8	7
b-erybla,osatutkimus(19978b-erybla)	e9/l	Source	8	7
kreatiniini(4600p-krea)	umol/l	Source	8	7
glomerulussuodosnopeus,estimoitu(6354pt-gfre)	ml/min/173m2	Source	8	7
s-pct	ug/l	Source	9	8
s-koirhie	u/ml	Source	15	14
NA	mmol/l	Source	41	9
NA	mu/l	Source	6	6
pf-eryt	e6/l	PrimaryInjection	8	8
pf-leuk	e6/l	PrimaryInjection	8	8
s-chpnabg	bu/ml	Source	7	7
p-troponiinii	ng/l	Source	28	13
p-natriureettinenpeptidi,b-tyypinn-terminaalin	ng/l	Source	16	10
p-fibriinind-dimeerit	mg/l	Source	9	7
s-hepyabg	u/ml	Source	18	14
sy-neut+eo	%	Source	10	8
sy-mononuk	%	Source	10	8
erytrosyytit	e6/l	Source	11	10
osmolaliteetinestimaatti	mosm/kgh2o	Source	11	10
epiteelit	e6/l	Source	7	7
s-norklot	nmol/l	Source	326	8
fs-trfesat	osuus	Source	22	11
s-kalsium,ionisoitunut,ph7.4-korjattu	mmol/l	Source	33	17
s-kalsium,ionisoitunut,aktuaali	mmol/l	Source	37	17
erytrosyytit,keskitilavuus	fl	Source	9	7
hemoglobiini	g/l	Source	9	7
hemoglobiini,keskimassa	pg	Source	9	7
s-crp,herkkä	mg/l	Source	24	21
NA	g/l	Source	15	9
p-fviii	%	Source	29	14
prealb	g/l	Source	9	7
napika	mmol/l	Source	17	11
kpika	mmol/l	Source	17	11
glukpika	mmol/l	Source	17	11
ca-ionpika	mmol/l	Source	9	8
ureapika	mmol/l	Source	8	7
kreapika	umol/l	Source	13	10
pt-glomerulussuodusnopeus,estimoitu,ckd-epi-kaava	ml/min/173m2	Source	50	12
b-lap	mm/h	Source	10	8
du-prot	mg	Source	40	14
pt-gfrekce	ml/min/173m2	PrimaryInjection	36	11
p-etoh	promille	Source	28	6
fosfatidyylietanoli	umol/l	Source	10	6
fp-transferriini	g/l	Source	9	7
p-transferriinireseptori,liukoinen	mg/l	Source	6	6
e-retikulosyytit	%	Source	28	7
s-caph7.4	mmol/l	Source	23	8
s-ca-akt	mmol/l	Source	24	8
NA	%	Source	14	6
NA	e9/l	Source	19	8
NA	pg	Source	9	8
NA	e12/l	Source	8	7
NA	fl	Source	6	6
s-rarah2e	u/ml	Source	6	6
s-ada	u/l	Source	30	19
b-pvk+t	%	Source	35	14
s-cmvabg	au/ml	Source	10	10
s-testosteroni,vapaa,laskettu	pmol/l	Source	13	12
b-t-cd4	e9/l	PrimaryInjection	8	6
p-inr-hy	inr	Source	168	8
p-luakrvv	ratio	Source	9	8
p-luakptt	ratio	Source	9	8
b-fosfatidyylietanoli	umol/l	Source	8	7
s-ucrp	mg/l	Source	11	6
fp-insu	mu/l	Source	7	7
p-crp/pik	mg/l	Source	14	8
e-erytrosyyttienkeskitilavuus	fl	Source	15	8
b-erytrosyyttientilavuusosuus	%	Source	15	8
b-leukosyytit	e9/l	PrimaryInjection	15	8
b-trombosyytit	e9/l	PrimaryInjection	15	8
p-uraatti	umol/l	Source	31	16
s-sitrulliinipeptidi,vasta-aineet	u/ml	Source	9	8
u-osmol	mosm/kgh2o	PrimaryInjection	8	7
p-prostataspesifinenantigeeni	ug/l	Source	20	16
ab-o2-sis	%	Source	12	7
ab-temp	°c	Source	11	6
s-lamotri	umol/l	Source	13	7
fs-kalsium,ionisoitunut	mmol/l	Source	35	19
pt-glomerulussuodosnopeus,estimoitu,ckd-epi-kaav	ml/min/173m2	Source	30	11
b-nk	e6/l	Source	14	8
s-vzvabg	eiu	Source	14	14
b-cd4	e6/l	Source	16	7
b-cd8	e6/l	Source	16	7
cd4/cd8	ratio	Source	16	7
b-cd19	e6/l	Source	16	7
b-cd3	e6/l	Source	16	7
b-hba1cp	mmol/mol	Source	64	8
u-lieriö	e6/l	Source	18	9
li-igg/alb	osuus	Source	9	8
-hdl/kol	%	Source	12	9
s-hevohie	u/ml	Source	9	9
s-maapähe	u/ml	Source	7	7
s-caspähe	u/ml	Source	6	6
s-parapäe	u/ml	Source	6	6
s-sakspäe	u/ml	Source	7	7
p-ige	u/ml	Source	21	17
cp-crp-hy	mg/l	Source	50	18
p-fxiii	%	Source	13	7
p-krea.	umol/l	Source	8	6
e-erytrosyytit,tilavuus	fl	Source	123	33
e-hemoglobiini(massakonsentraatio)	g/l	Source	123	33
e-rdw,punasolujenkokojakauma	%	Source	92	26
p-triglyseridit	mmol/l	Source	16	13
p-kolesteroli,lowdensitylipoproteiinit	mmol/l	Source	26	18
p-varmtr	s	Source	10	7
p-varmtt	%	Source	10	7
s-mypnabg	au/ml	Source	9	9
p-psa-t	ug/l	Source	90	14
b-ghb-a1c	mmol/mol	Source	18	9
u-bakt	e6/l	Source	58	18
fs-ca++7.4	mmol/l	Source	20	9
p-fv	%	Source	25	14
p-fvii	%	Source	24	11
p-fii	%	Source	17	8
p-fx	%	Source	36	8
pf-neut	%	Source	8	6
cu-alb-mi	ug/min	Source	32	15
s-b12-akt	pmol/l	Source	13	8
u-leukbv	e6/l	Source	27	8
u-baktbv	e6/l	Source	27	8
cp-gluk-hy	mmol/l	Source	26	8
ab-pco2(t)	kpa	Source	20	6
ab-po2(t)	kpa	Source	20	6
ab-hco3	mmol/l	Source	22	10
ab-gluk	mmol/l	Source	19	7
ab-laktaat	mmol/l	Source	21	9
virtsansolujenhl7-siirtoon	e6/l	Source	13	8
virtsanalb/kreasuhde	mg/mmol	Source	11	11
e-rdw,osatutkimus(e-rdw)	%	Source	13	7
b-erybla,osatutkimus(b-erybla)	e9/l	Source	13	7
kolesteroli/lipidit	mmol/l	Source	8	6
kolesteroli,highdensitylipoproteiinit/lipidit	mmol/l	Source	8	6
triglyseridit(trigly)/lipidit	mmol/l	Source	8	6
kolesteroli,lowdensitylipoproteiinit(ldl)/lipidit	mmol/l	Source	8	6
kreatiniini(p-krea)	umol/l	Source	10	6
glomerulussuodosnopeus,estimoitu(pt-gfre)	ml/min/173m2	Source	14	8
p-gluk-vt	mmol/l	Source	37	16
s-chpnabg	u/ml	Source	8	7
s-chpnaba	u/ml	Source	8	7
p-crphoi	mg/l	Source	31	10
p-d-vitamiini-25-oh	nmol/l	Source	8	6
p-il2r	u/ml	Source	41	11
kalsium,ionisoitunutph	ph	Source	17	8
happisisältö,kapillaariveri	%	Source	11	6
happamuusaste,kapillaariveri	ph	Source	9	6
bikarbonaatti(aktuaali),kapillaariveri	mmol/l	Source	11	6
hemoglobiini(totaali),kapillaariveri	g/l	Source	11	6
p-vwf-ag	%	Source	21	9
p-vwf-akt	%	Source	29	15
e-erytrosyytit,kokojakaumaprosentti	%	Source	183	16
u-happamuusaste(kval)	form	Source	12	6
cp-c-reaktiivinenproteiini,ihopiston,hoitoyksikössä	mg/l	Source	8	7
p-antifxa	u/ml	Source	20	11
s-hepyaba	u/ml	Source	14	13
mxd	%	Source	88	10
p-kalsium,alb.korjattu	mmol/l	Source	9	8
pt-glomerulussuodosnopeus,estimoituckd-epi-kaava	ml/min/173m2	Source	14	11
s-borrabm	ru/ml	Source	10	8
p-reninm	mu/l	Source	10	10
s-vlseabm	au/ml	Source	6	6
b-crp-o	mg/l	Source	7	6
l-bas	%	Source	34	7
virtsamäärä	ml	Source	19	10
p-antifxa	iu/ml	PrimaryInjection	12	7
tromboplastiiniaika,inr-tulostus	inr	Source	32	9
ly	%	Source	73	7
lymängd	e9/l	Source	73	7
l-lymfosyytti	%	Source	23	10
l-eosinofiili	%	Source	23	10
l-basofiili	%	Source	23	10
b-ghba1c	%	Source	13	8
pt-glomerulussuodosnopeus,estimoitu,ckd-epi-kaava	ml/min/173m2	PrimaryInjection	8	6
s-cmvabg	u/ml	Source	10	9
oma-crp	mg/l	PrimaryInjection	8	7
p-fix	%	Source	20	6
NA	umol/l	Source	15	7
p-crp-oma	mg/l	Source	15	7
p-angap	mmol/l	Source	17	7
s-ttgaba	eliau/ml	Source	7	7
hbpika	g/l	Source	10	8
s-plasmaproteiinia,raskauteenliittyvä	mu/l	Source	9	9
kalsium,ionisoitunut(akt)	mmol/l	Source	15	8
fp-parathormoni	ng/l	Source	14	6
kalsium,ionisoitunut(7.4),plasma	mmol/l	Source	12	8
fs-cga	nmol/l	Source	18	7
bla	%	Source	11	7
prom	%	Source	11	7
myel	%	Source	11	7
metam	%	Source	10	6
nst	%	Source	10	6
vp-shco3	mmol/l	Source	7	6
s-b12-vitamiini,transkobalamiiniii:eensitoutun	pmol/l	Source	6	6
s-d-25-32	nmol/l	Source	6	6
b-leuc	e9/l	Source	12	6
potilaanlämpötila	°c	Source	10	6
b-leuk-vt	e9/l	Source	6	6
